R_off,k_AA_anti,k_AA_sym,R_AA,Proton Flux (/s),Substrate Flux (/s)
1e-10,1.0,5.0,0.2,0.024700693808414168,-0.02463498628715673
1.2589254117941602e-10,1.0,5.0,0.2,0.02470841268690152,-0.024634688504814973
1.584893192461103e-10,1.0,5.0,0.2,0.02471707319180116,-0.024634354393392996
1.995262314968867e-10,1.0,5.0,0.2,0.024726790162164156,-0.024633979521589834
2.51188643150957e-10,1.0,5.0,0.2,0.0247376924348359,-0.02463355891779678
3.162277660168375e-10,1.0,5.0,0.2,0.02474992454864367,-0.024633087004271453
3.981071705534963e-10,1.0,5.0,0.2,0.02476364865554321,-0.02463255752330638
5.011872336272719e-10,1.0,5.0,0.2,0.024779046663722028,-0.024631963454421535
6.309573444801887e-10,1.0,5.0,0.2,0.024796322640643385,-0.024631296921494954
7.943282347242791e-10,1.0,5.0,0.2,0.024815705507344646,-0.024630549088613604
9.999999999999972e-10,1.0,5.0,0.2,0.024837452059022325,-0.02462971004328226
1.2589254117941625e-09,1.0,5.0,0.2,0.02486185035107879,-0.024628768665464932
1.5848931924611111e-09,1.0,5.0,0.2,0.024889223494421207,-0.02462771248075101
1.9952623149688807e-09,1.0,5.0,0.2,0.024919933908940078,-0.024626527495736867
2.5118864315095745e-09,1.0,5.0,0.2,0.02495438808980374,-0.024625198013486206
3.1622776601683787e-09,1.0,5.0,0.2,0.024993041947544533,-0.024623706426681272
3.9810717055349615e-09,1.0,5.0,0.2,0.025036406789941925,-0.02462203298579673
5.01187233627272e-09,1.0,5.0,0.2,0.025085056021486973,-0.02462015553931566
6.309573444801932e-09,1.0,5.0,0.2,0.025139632644811213,-0.024618049242661796
7.943282347242797e-09,1.0,5.0,0.2,0.025200857657941368,-0.024615686232136856
1e-08,1.0,5.0,0.2,0.02526953945166905,-0.02461303525972794
1.2589254117941638e-08,1.0,5.0,0.2,0.025346584322761552,-0.02461006128417855
1.584893192461112e-08,1.0,5.0,0.2,0.025433008231243077,-0.024606725013198806
1.995262314968881e-08,1.0,5.0,0.2,0.025529949943593283,-0.024602982391119067
2.5118864315095768e-08,1.0,5.0,0.2,0.02563868571847229,-0.024598784025664726
3.162277660168379e-08,1.0,5.0,0.2,0.025760645707498055,-0.02459407454684321
3.981071705534961e-08,1.0,5.0,0.2,0.02589743226065428,-0.024588791890186906
5.01187233627272e-08,1.0,5.0,0.2,0.02605084034402803,-0.02458286649578286
6.309573444801938e-08,1.0,5.0,0.2,0.026222880296648026,-0.02457622041364297
7.943282347242805e-08,1.0,5.0,0.2,0.026415803173020013,-0.024568766305024983
9.999999999999998e-08,1.0,5.0,0.2,0.02663212893824043,-0.024560406328311024
1.2589254117941638e-07,1.0,5.0,0.2,0.02687467780288987,-0.02455103089698658
1.5848931924611122e-07,1.0,5.0,0.2,0.02714660500467937,-0.024540517296153478
1.9952623149688814e-07,1.0,5.0,0.2,0.027451439362248795,-0.02452872814286525
2.511886431509577e-07,1.0,5.0,0.2,0.027793125942539288,-0.024515509674412184
3.162277660168379e-07,1.0,5.0,0.2,0.028176073195398357,-0.024500689847538257
3.9810717055349634e-07,1.0,5.0,0.2,0.0286052049157268,-0.024484076230473408
5.01187233627272e-07,1.0,5.0,0.2,0.02908601739225057,-0.024465453668670336
6.30957344480194e-07,1.0,5.0,0.2,0.02962464208997965,-0.02444458170430195
7.943282347242806e-07,1.0,5.0,0.2,0.03022791418695574,-0.02442119172899526
1e-06,1.0,5.0,0.2,0.03090344724043825,-0.024394983849048302
1.2589254117941676e-06,1.0,5.0,0.2,0.03165971418765018,-0.02436562344263829
1.5848931924611126e-06,1.0,5.0,0.2,0.03250613478477639,-0.02433273738944036
1.9952623149688766e-06,1.0,5.0,0.2,0.03345316944685535,-0.02429590995484118
2.5118864315095768e-06,1.0,5.0,0.2,0.03451241926073288,-0.024254678313788674
3.1622776601683788e-06,1.0,5.0,0.2,0.035696731691843876,-0.02420852770355925
3.981071705534973e-06,1.0,5.0,0.2,0.037020311179941645,-0.024156886200677317
5.011872336272719e-06,1.0,5.0,0.2,0.03849883340393291,-0.02409911912527558
6.3095734448019305e-06,1.0,5.0,0.2,0.04014956147503339,-0.024034523086763813
7.943282347242806e-06,1.0,5.0,0.2,0.04199146167273997,-0.023962319698244035
1e-05,1.0,5.0,0.2,0.04404531555146672,-0.02388164900414586
1.2589254117941675e-05,1.0,5.0,0.2,0.0463338242999259,-0.023791562686528732
1.5848931924611124e-05,1.0,5.0,0.2,0.0488817001161416,-0.023691017140803614
1.9952623149688786e-05,1.0,5.0,0.2,0.0517157380597754,-0.023578866541546197
2.5118864315095768e-05,1.0,5.0,0.2,0.05486486036116294,-0.023453856053653913
3.1622776601683795e-05,1.0,5.0,0.2,0.058360123518699264,-0.02331461538304654
3.9810717055349735e-05,1.0,5.0,0.2,0.06223467673961334,-0.02315965290362445
5.01187233627272e-05,1.0,5.0,0.2,0.06652365843924722,-0.022987350641785833
6.309573444801929e-05,1.0,5.0,0.2,0.07126401571396687,-0.02279596044406761
7.943282347242806e-05,1.0,5.0,0.2,0.07649423009318279,-0.02258360169387581
0.0001,1.0,5.0,0.2,0.08225393166305724,-0.022348260974951295
0.00012589254117941672,1.0,5.0,0.2,0.08858338310700721,-0.022087794095833856
0.00015848931924611128,1.0,5.0,0.2,0.09552281565842341,-0.021799930883349174
0.00019952623149688788,1.0,5.0,0.2,0.10311160079770462,-0.021482283115023093
0.0002511886431509577,1.0,5.0,0.2,0.1113872451733846,-0.021132355880654003
0.00031622776601683794,1.0,5.0,0.2,0.12038420210882521,-0.020747562532767445
0.0003981071705534973,1.0,5.0,0.2,0.130132501534134,-0.020325243197038483
0.000501187233627272,1.0,5.0,0.2,0.14065621147779067,-0.019862686563876037
0.000630957344480193,1.0,5.0,0.2,0.1519717583396249,-0.019357154374972926
0.0007943282347242807,1.0,5.0,0.2,0.16408614966418023,-0.018805907667342494
0.001,1.0,5.0,0.2,0.17699516119444567,-0.018206233468407575
0.0012589254117941675,1.0,5.0,0.2,0.19068156822550075,-0.017555470289725723
0.0015848931924611121,1.0,5.0,0.2,0.20511351776662368,-0.0168510304989556
0.0019952623149688785,1.0,5.0,0.2,0.22024315038242406,-0.016090417526194098
0.0025118864315095773,1.0,5.0,0.2,0.23600558622272003,-0.015271235953287512
0.0031622776601683794,1.0,5.0,0.2,0.25231838621642233,-0.014391192909146203
0.003981071705534973,1.0,5.0,0.2,0.2690815848632762,-0.013448089897469826
0.00501187233627272,1.0,5.0,0.2,0.28617836480251635,-0.012439805228694662
0.006309573444801929,1.0,5.0,0.2,0.3034764062252076,-0.011364268581137935
0.007943282347242805,1.0,5.0,0.2,0.32082989887760316,-0.01021943078718824
0.01,1.0,5.0,0.2,0.33808215523371304,-0.009003233582881614
0.012589254117941663,1.0,5.0,0.2,0.35506871599605794,-0.00771358558099952
0.01584893192461114,1.0,5.0,0.2,0.371620799446102,-0.006348351910003489
0.019952623149688785,1.0,5.0,0.2,0.38756891975472213,-0.004905365584810328
0.02511886431509577,1.0,5.0,0.2,0.4027464900225861,-0.0033824685508026314
0.03162277660168379,1.0,5.0,0.2,0.41699323502689084,-0.0017775893349590342
0.03981071705534969,1.0,5.0,0.2,0.4301582651844932,-8.886228725978126e-05
0.05011872336272724,1.0,5.0,0.2,0.4421027033790126,0.001685209474158289
0.06309573444801929,1.0,5.0,0.2,0.4527018044807536,0.003545548977856158
0.07943282347242805,1.0,5.0,0.2,0.46184655718425405,0.005492264026120609
0.10000000000000002,1.0,5.0,0.2,0.469444802944021,0.007524380008147788
0.12589254117941662,1.0,5.0,0.2,0.4754219421214967,0.009639561973063227
0.15848931924611143,1.0,5.0,0.2,0.4797213194572343,0.011833845186121055
0.1995262314968879,1.0,5.0,0.2,0.4823043880749063,0.014101396603265693
0.2511886431509577,1.0,5.0,0.2,0.4831507437123774,0.01643433145283482
0.3162277660168379,1.0,5.0,0.2,0.48225810068255215,0.01882260890457652
0.39810717055349776,1.0,5.0,0.2,0.47964225136901295,0.021254028222084324
0.5011872336272725,1.0,5.0,0.2,0.4753370159016269,0.023714341607542766
0.6309573444801929,1.0,5.0,0.2,0.4693941525770227,0.026187492216371764
0.7943282347242806,1.0,5.0,0.2,0.46188316727103423,0.028655975972776394
1.0,1.0,5.0,0.2,0.4528909359790817,0.031101314688676118
1.2589254117941686,1.0,5.0,0.2,0.4425210424889317,0.03350461677431515
1.5848931924611143,1.0,5.0,0.2,0.4308927356557287,0.03584719195541307
1.9952623149688788,1.0,5.0,0.2,0.418139428790292,0.038111179318856755
2.511886431509577,1.0,5.0,0.2,0.4044066962499823,0.040280144884995185
3.1622776601683795,1.0,5.0,0.2,0.3898497662398789,0.04233960643124995
3.9810717055349776,1.0,5.0,0.2,0.37463055894667746,0.044277449465869236
5.011872336272725,1.0,5.0,0.2,0.35891436896340334,0.046084208338314045
6.30957344480193,1.0,5.0,0.2,0.34286633367686925,0.047753199118822386
7.943282347242821,1.0,5.0,0.2,0.3266478588160017,0.049280504353698226
9.999999999999998,1.0,5.0,0.2,0.31041318448711086,0.05066482232303625
12.589254117941689,1.0,5.0,0.2,0.2943062681516175,0.051907203483138376
15.848931924611142,1.0,5.0,0.2,0.27845813638674516,0.053010703371094835
19.95262314968879,1.0,5.0,0.2,0.2629848186950688,0.05397998401903569
25.118864315095824,1.0,5.0,0.2,0.24798592961160038,0.05482089511221949
31.622776601683796,1.0,5.0,0.2,0.23354391608170857,0.05554006243867221
39.81071705534977,1.0,5.0,0.2,0.219723941329076,0.05614450559482724
50.11872336272725,1.0,5.0,0.2,0.20657433872274444,0.056641300463370466
63.0957344480193,1.0,5.0,0.2,0.19412754226344464,0.057037295580629706
79.43282347242821,1.0,5.0,0.2,0.18240138517994245,0.05733888584862212
100.0,1.0,5.0,0.2,0.17140065409238323,0.057551842539934846
125.89254117941688,1.0,5.0,0.2,0.16111879144289887,0.05768119535695168
158.48931924611142,1.0,5.0,0.2,0.15153965096119026,0.05773116040328535
199.52623149688807,1.0,5.0,0.2,0.1426392272186826,0.0577051071318397
251.18864315095797,1.0,5.0,0.2,0.13438729844018002,0.05760555740743652
316.2277660168379,1.0,5.0,0.2,0.12674893974396728,0.057434210501383316
398.1071705534977,1.0,5.0,0.2,0.11968588047031843,0.05719198887801107
501.1872336272726,1.0,5.0,0.2,0.11315769336995375,0.056879100834289084
630.9573444801938,1.0,5.0,0.2,0.10712281475400039,0.05649511725276453
794.3282347242813,1.0,5.0,0.2,0.10153940320338486,0.05603906080678757
999.9999999999999,1.0,5.0,0.2,0.09636605028468428,0.055509506831335396
1258.9254117941687,1.0,5.0,0.2,0.09156236024453114,0.05490469568461488
1584.893192461114,1.0,5.0,0.2,0.08708941723587467,0.054222656735012274
1995.2623149688807,1.0,5.0,0.2,0.08291015864833588,0.05346134408805934
2511.88643150958,1.0,5.0,0.2,0.07898967192203038,0.05261878380382728
3162.2776601683795,1.0,5.0,0.2,0.07529543012578427,0.05169323164557474
3981.0717055349774,1.0,5.0,0.2,0.0717974788400725,0.0506833393644741
5011.872336272725,1.0,5.0,0.2,0.06846858373410263,0.04958832620977345
6309.573444801935,1.0,5.0,0.2,0.0652843448814551,0.0484081508426426
7943.282347242815,1.0,5.0,0.2,0.062223280536007536,0.0471436772528314
10000.0,1.0,5.0,0.2,0.05926688001724699,0.0457968268034899
12589.254117941686,1.0,5.0,0.2,0.056399622772517345,0.04437070737365906
15848.931924611143,1.0,5.0,0.2,0.053608958837231296,0.042869709964288065
19952.623149688807,1.0,5.0,0.2,0.05088524502574626,0.041299563308327986
25118.864315095798,1.0,5.0,0.2,0.04822163142249818,0.03966733815661272
31622.776601683792,1.0,5.0,0.2,0.04561389417488566,0.03798139508429935
39810.71705534978,1.0,5.0,0.2,0.043060213151322496,0.036251272830317705
50118.72336272726,1.0,5.0,0.2,0.04056089649762106,0.03448751814037185
63095.734448019364,1.0,5.0,0.2,0.03811805812644042,0.03270146247375957
79432.82347242814,1.0,5.0,0.2,0.035735258213867215,0.030904955277338893
99999.99999999999,1.0,5.0,0.2,0.03341712030881839,0.02911006729495744
125892.54117941686,1.0,5.0,0.2,0.031168941175276063,0.027328780070272746
158489.3192461114,1.0,5.0,0.2,0.02899631060052392,0.025572679041893306
199526.2314968881,1.0,5.0,0.2,0.02690475792778909,0.023852667244524055
251188.64315095794,1.0,5.0,0.2,0.024899440054187757,0.022178714671305087
316227.76601683797,1.0,5.0,0.2,0.022984882341029293,0.02055965509385773
398107.17055349774,1.0,5.0,0.2,0.021164779747437055,0.019003038017432555
501187.233627273,1.0,5.0,0.2,0.019441861039110338,0.0175150389929313
630957.3444801937,1.0,5.0,0.2,0.01781781465490971,0.016100427232358324
794328.2347242812,1.0,5.0,0.2,0.016293271162049528,0.014762585809797207
1000000.0,1.0,5.0,0.2,0.014867834484624663,0.013503576967296052
1258925.4117941686,1.0,5.0,0.2,0.013540152380172078,0.0123242433160455
1584893.1924611116,1.0,5.0,0.2,0.01230801594768247,0.011224335011914091
1995262.3149688807,1.0,5.0,0.2,0.01116847814614612,0.010202653159825653
2511886.431509586,1.0,5.0,0.2,0.01011798218271332,0.009257200561530782
3162277.6601683795,1.0,5.0,0.2,0.009152491964083572,0.008385332236566647
3981071.7055349774,1.0,5.0,0.2,0.00826761837297265,0.007583899695952994
5011872.336272718,1.0,5.0,0.2,0.00745873674612281,0.006849384545203681
6309573.444801937,1.0,5.0,0.2,0.006721092450144009,0.006178018496405545
7943282.347242836,1.0,5.0,0.2,0.006049892783951745,0.005565888185891697
10000000.000000002,1.0,5.0,0.2,0.0054403845331039485,0.005009024275820881
12589254.117941689,1.0,5.0,0.2,0.004887917348669164,0.004503475151497653
15848931.924611123,1.0,5.0,0.2,0.004387993733414072,0.004045366123555237
19952623.149688806,1.0,5.0,0.2,0.0039363068189215995,0.003630945433001516
25118864.31509587,1.0,5.0,0.2,0.003528767344448891,0.0032566185732873735
31622776.60168379,1.0,5.0,0.2,0.00316152133952326,0.0029189725245855973
39810717.055349775,1.0,5.0,0.2,0.0028309600029952997,0.0026147914768771497
50118723.362727195,1.0,5.0,0.2,0.0025337231926587244,0.0023410655313285816
63095734.44801939,1.0,5.0,0.2,0.002266697817312822,0.002094993739473582
79432823.47242837,1.0,5.0,0.2,0.002027012277422632,0.001873982686973084
100000000.0,1.0,5.0,0.2,0.0018120279463064405,0.0016756416681558764
125892541.179417,1.0,5.0,0.2,0.0016193285315967696,0.0014977753396320794
158489319.24611136,1.0,5.0,0.2,0.0014467080135027364,0.0013383745928987512
199526231.4968881,1.0,5.0,0.2,0.001292157726257722,0.001195606251081147
251188643.15095872,1.0,5.0,0.2,0.001153853034084397,0.0010678020757458977
316227766.01683795,1.0,5.0,0.2,0.001030139953583263,0.0009534474665735681
398107170.55349815,1.0,5.0,0.2,0.0009195219901947137,0.000851170149090095
501187233.62727195,1.0,5.0,0.2,0.0008206473862244699,0.0007597290725173672
630957344.4801942,1.0,5.0,0.2,0.0007322969204471299,0.0006780036796664681
794328234.7242844,1.0,5.0,0.2,0.0006533723529617365,0.0006049836620795717
1000000000.0000029,1.0,5.0,0.2,0.00058288557220687,0.0005397592747390227
1258925411.794171,1.0,5.0,0.2,0.000519948472369866,0.0004815122540968869
1584893192.4611251,1.0,5.0,0.2,0.00046376356748933944,0.00042950735955518373
1995262314.968881,1.0,5.0,0.2,0.0004136153321467234,0.00038308454061872704
2511886431.509586,1.0,5.0,0.2,0.00036886224672248084,0.0003416517186809533
3162277660.168384,1.0,5.0,0.2,0.0003289295168596598,0.00030467816287436613
3981071705.534988,1.0,5.0,0.2,0.0002933024312774509,0.00027168843285148677
5011872336.272755,1.0,5.0,0.2,0.0002615203187839905,0.00024225685711900554
6309573444.801974,1.0,5.0,0.2,0.00023317106373642465,0.00021600251310021682
7943282347.24286,1.0,5.0,0.2,0.00020788613886980726,0.00019258467402014933
10000000000.0,1.0,5.0,0.2,0.00018533611502920657,0.00017169868764851685
1e-10,2.0,4.0,0.5,0.03957257683389891,-0.03951916522986092
1.2589254117941602e-10,2.0,4.0,0.5,0.03957888446450522,-0.03951895602181552
1.584893192461103e-10,2.0,4.0,0.5,0.039585961650434646,-0.03951872128842463
1.995262314968867e-10,2.0,4.0,0.5,0.03959390226781584,-0.03951845791561622
2.51188643150957e-10,2.0,4.0,0.5,0.039602811641230126,-0.03951816240947108
3.162277660168375e-10,2.0,4.0,0.5,0.039612807939037646,-0.03951783084990743
3.981071705534963e-10,2.0,4.0,0.5,0.03962402373854561,-0.03951745883872267
5.011872336272719e-10,2.0,4.0,0.5,0.039636607781636,-0.03951704144130596
6.309573444801887e-10,2.0,4.0,0.5,0.039650726943957236,-0.03951657312125215
7.943282347242791e-10,2.0,4.0,0.5,0.03966656844356971,-0.039516047667014484
9.999999999999972e-10,2.0,4.0,0.5,0.039684342318049376,-0.039515458109628816
1.2589254117941625e-09,2.0,4.0,0.5,0.03970428420253803,-0.03951479663042581
1.5848931924611111e-09,2.0,4.0,0.5,0.039726658445123325,-0.03951405445751583
1.9952623149688807e-09,2.0,4.0,0.5,0.03975176160028494,-0.03951322174968618
2.5118864315095745e-09,2.0,4.0,0.5,0.03977992634600151,-0.039512287466184993
3.1622776601683787e-09,2.0,4.0,0.5,0.039811525875541424,-0.039511239220684155
3.9810717055349615e-09,2.0,4.0,0.5,0.03984697882100947,-0.03951006311750781
5.01187233627272e-09,2.0,4.0,0.5,0.03988675477246851,-0.03950874356798486
6.309573444801932e-09,2.0,4.0,0.5,0.039931380463966736,-0.039507263084527754
7.943282347242797e-09,2.0,4.0,0.5,0.03998144670615818,-0.03950560204975447
1e-08,2.0,4.0,0.5,0.04003761615449373,-0.03950373845765235
1.2589254117941638e-08,2.0,4.0,0.5,0.040100632012268454,-0.039501647623427276
1.584893192461112e-08,2.0,4.0,0.5,0.04017132777923957,-0.039499301858286866
1.995262314968881e-08,2.0,4.0,0.5,0.04025063816917239,-0.039496670104965624
2.5118864315095768e-08,2.0,4.0,0.5,0.04033961133363945,-0.039493717529311544
3.162277660168379e-08,2.0,4.0,0.5,0.040439422544787544,-0.03949040506271071
3.981071705534961e-08,2.0,4.0,0.5,0.04055138950670854,-0.039486688889523926
5.01187233627272e-08,2.0,4.0,0.5,0.04067698948359525,-0.039482519873043874
6.309573444801938e-08,2.0,4.0,0.5,0.040817878453123,-0.039477842912744414
7.943282347242805e-08,2.0,4.0,0.5,0.0409759125155395,-0.0394725962247814
9.999999999999998e-08,2.0,4.0,0.5,0.04115317181281547,-0.03946671053681316
1.2589254117941638e-07,2.0,4.0,0.5,0.041351987237907506,-0.03946010818722604
1.5848931924611122e-07,2.0,4.0,0.5,0.041574970241673365,-0.03945270211778278
1.9952623149688814e-07,2.0,4.0,0.5,0.041825046074128444,-0.03944439474754167
2.511886431509577e-07,2.0,4.0,0.5,0.04210549082733256,-0.03943507671463031
3.162277660168379e-07,2.0,4.0,0.5,0.04241997267890021,-0.03942462547109372
3.9810717055349634e-07,2.0,4.0,0.5,0.04277259776741712,-0.0394129037145694
5.01187233627272e-07,2.0,4.0,0.5,0.04316796116320795,-0.039399757638990375
6.30957344480194e-07,2.0,4.0,0.5,0.04361120342890552,-0.03938501498486863
7.943282347242806e-07,2.0,4.0,0.5,0.04410807329279135,-0.03936848286800816
1e-06,2.0,4.0,0.5,0.044664996982082976,-0.0393499453637344
1.2589254117941676e-06,2.0,4.0,0.5,0.04528915478090161,-0.03932916082196113
1.5848931924611126e-06,2.0,4.0,0.5,0.045988565385508696,-0.03930585888667864
1.9952623149688766e-06,2.0,4.0,0.5,0.04677217862366466,-0.03927973719180505
2.5118864315095768e-06,2.0,4.0,0.5,0.04764997708071559,-0.0392504577038788
3.1622776601683788e-06,2.0,4.0,0.5,0.04863308712606914,-0.03921764268088614
3.981071705534973e-06,2.0,4.0,0.5,0.04973389975241217,-0.03918087021575509
5.011872336272719e-06,2.0,4.0,0.5,0.05096620151689008,-0.03913966933287106
6.3095734448019305e-06,2.0,4.0,0.5,0.05234531569699819,-0.03909351460660026
7.943282347242806e-06,2.0,4.0,0.5,0.05388825353023226,-0.03904182027250578
1e-05,2.0,4.0,0.5,0.055613875079045985,-0.03898393380502954
1.2589254117941675e-05,2.0,4.0,0.5,0.057543058831907155,-0.03891912894028088
1.5848931924611124e-05,2.0,4.0,0.5,0.05969887859470369,-0.03884659812967387
1.9952623149688786e-05,2.0,4.0,0.5,0.06210678551887932,-0.03876544442002564
2.5118864315095768e-05,2.0,4.0,0.5,0.06479479222520397,-0.03867467276897419
3.1622776601683795e-05,2.0,4.0,0.5,0.06779365488472736,-0.038573180821873575
3.9810717055349735e-05,2.0,4.0,0.5,0.07113704778024806,-0.0384597491984044
5.01187233627272e-05,2.0,4.0,0.5,0.07486172326304215,-0.03833303136475565
6.309573444801929e-05,2.0,4.0,0.5,0.07900764811580843,-0.038191543201112434
7.943282347242806e-05,2.0,4.0,0.5,0.08361810511838332,-0.038033652414964335
0.0001,2.0,4.0,0.5,0.08873974608817949,-0.03785756799886047
0.00012589254117941672,2.0,4.0,0.5,0.09442257985734795,-0.037661329986782996
0.00015848931924611128,2.0,4.0,0.5,0.10071987561352241,-0.037442799825879496
0.00019952623149688788,2.0,4.0,0.5,0.10768795887939184,-0.037199651748736066
0.0002511886431509577,2.0,4.0,0.5,0.11538587431082255,-0.03692936560355465
0.00031622776601683794,2.0,4.0,0.5,0.12387488670650583,-0.03662922167211978
0.0003981071705534973,2.0,4.0,0.5,0.13321778949251384,-0.03629629807337415
0.000501187233627272,2.0,4.0,0.5,0.14347798892858246,-0.03592747140710883
0.000630957344480193,2.0,4.0,0.5,0.15471833294639303,-0.03551942132926379
0.0007943282347242807,2.0,4.0,0.5,0.1669996565412521,-0.03506863975754563
0.001,2.0,4.0,0.5,0.18037902173392587,-0.034571445372353
0.0012589254117941675,2.0,4.0,0.5,0.19490764004334432,-0.03402400399213783
0.0015848931924611121,2.0,4.0,0.5,0.2106284798187048,-0.03342235525469451
0.0019952623149688785,2.0,4.0,0.5,0.22757358010070786,-0.03276244582070514
0.0025118864315095773,2.0,4.0,0.5,0.2457611169472373,-0.03204016903412058
0.0031622776601683794,2.0,4.0,0.5,0.2651922968067913,-0.03125141063646223
0.003981071705534973,2.0,4.0,0.5,0.28584818320988803,-0.030392099762444762
0.00501187233627272,2.0,4.0,0.5,0.3076865955125517,-0.029458264080580308
0.006309573444801929,2.0,4.0,0.5,0.3306392484572057,-0.028446087636985647
0.007943282347242805,2.0,4.0,0.5,0.35460932489883007,-0.02735196977646928
0.01,2.0,4.0,0.5,0.37946968671659775,-0.026172583518048794
0.012589254117941663,2.0,4.0,0.5,0.4050619263824392,-0.02490493200914969
0.01584893192461114,2.0,4.0,0.5,0.4311964405168389,-0.023546402206081157
0.019952623149688785,2.0,4.0,0.5,0.4576536654648807,-0.02209481571902557
0.02511886431509577,2.0,4.0,0.5,0.484186554479304,-0.020548477753557483
0.03162277660168379,2.0,4.0,0.5,0.510524300516578,-0.018906226151265818
0.03981071705534969,2.0,4.0,0.5,0.536377224866033,-0.017167483495155587
0.05011872336272724,2.0,4.0,0.5,0.5614426689489345,-0.015332315877364906
0.06309573444801929,2.0,4.0,0.5,0.5854116545946687,-0.013401501996215391
0.07943282347242805,2.0,4.0,0.5,0.6079760259993434,-0.011376615560699068
0.10000000000000002,2.0,4.0,0.5,0.6288357608623563,-0.009260122418257709
0.12589254117941662,2.0,4.0,0.5,0.6477061414030655,-0.007055491393090487
0.15848931924611143,2.0,4.0,0.5,0.6643245060929921,-0.004767314683114584
0.1995262314968879,2.0,4.0,0.5,0.6784563538496946,-0.0024014301252525804
0.2511886431509577,2.0,4.0,0.5,0.6899006350335068,3.496585092998321e-05
0.3162277660168379,2.0,4.0,0.5,0.6984941276246087,0.002533228660539084
0.39810717055349776,2.0,4.0,0.5,0.7041148530014621,0.005083215211620365
0.5011872336272725,2.0,4.0,0.5,0.7066845268679524,0.007673288655578134
0.6309573444801929,2.0,4.0,0.5,0.7061700637872884,0.01029039217225249
0.7943282347242806,2.0,4.0,0.5,0.7025841591705162,0.01292020161277403
1.0,2.0,4.0,0.5,0.6959849647386267,0.015547360750128103
1.2589254117941686,2.0,4.0,0.5,0.686474859332738,0.01815579537299903
1.5848931924611143,2.0,4.0,0.5,0.6741983045672965,0.0207290943320741
1.9952623149688788,2.0,4.0,0.5,0.6593387718690933,0.023250937950137492
2.511886431509577,2.0,4.0,0.5,0.6421147396444277,0.02570554803508308
3.1622776601683795,2.0,4.0,0.5,0.6227747892499776,0.02807813005122119
3.9810717055349776,2.0,4.0,0.5,0.6015918748755316,0.0303552774498378
5.011872336272725,2.0,4.0,0.5,0.5788569003401514,0.032525310914791744
6.30957344480193,2.0,4.0,0.5,0.5548717970685251,0.0345785310096651
7.943282347242821,2.0,4.0,0.5,0.5299423524204561,0.036507370625738576
9.999999999999998,2.0,4.0,0.5,0.5043710765412465,0.038306442618856504
12.589254117941689,2.0,4.0,0.5,0.47845041147062023,0.03997248687886934
15.848931924611142,2.0,4.0,0.5,0.452456574406647,0.04150422870408942
19.95262314968879,2.0,4.0,0.5,0.4266442880804958,0.042902165954613436
25.118864315095824,2.0,4.0,0.5,0.4012425896478319,0.044168305625963564
31.622776601683796,2.0,4.0,0.5,0.37645183305646684,0.04530587121687549
39.81071705534977,2.0,4.0,0.5,0.35244191791567786,0.04631900089866876
50.11872336272725,2.0,4.0,0.5,0.32935169985852886,0.047212453585540486
63.0957344480193,2.0,4.0,0.5,0.3072894711131555,0.047991336200249805
79.43282347242821,2.0,4.0,0.5,0.28633435079649394,0.048660861342915154
100.0,2.0,4.0,0.5,0.26653839469076057,0.04922614070354343
125.89254117941688,2.0,4.0,0.5,0.24792922358566644,0.049692016257460885
158.48931924611142,2.0,4.0,0.5,0.23051297515237162,0.05006292873262613
199.52623149688807,2.0,4.0,0.5,0.21427740291589006,0.05034282108589573
251.18864315095797,2.0,4.0,0.5,0.19919497286142784,0.05053507371607542
316.2277660168379,2.0,4.0,0.5,0.18522583936966347,0.05064246775581027
398.1071705534977,2.0,4.0,0.5,0.17232061398553347,0.050667172873630484
501.1872336272726,2.0,4.0,0.5,0.16042287031791172,0.05061075642986077
630.9573444801938,2.0,4.0,0.5,0.14947135439720685,0.050474211426338934
794.3282347242813,2.0,4.0,0.5,0.13940189116876298,0.05025800135108625
999.9999999999999,2.0,4.0,0.5,0.1301489942220783,0.04996212064824002
1258.9254117941687,2.0,4.0,0.5,0.12164719757442675,0.04958617006348984
1584.893192461114,2.0,4.0,0.5,0.11383213586209416,0.04912944646489392
1995.2623149688807,2.0,4.0,0.5,0.10664140330755087,0.048591046870111836
2511.88643150958,2.0,4.0,0.5,0.10001522302545438,0.04796998628689702
3162.2776601683795,2.0,4.0,0.5,0.09389695726644733,0.047265328569369436
3981.0717055349774,2.0,4.0,0.5,0.08823348666313639,0.04647632879907541
5011.872336272725,2.0,4.0,0.5,0.08297548293961544,0.045602584729844214
6309.573444801935,2.0,4.0,0.5,0.07807759529784744,0.04464419363115874
7943.282347242815,2.0,4.0,0.5,0.073498566162471,0.0436019095055162
10000.0,2.0,4.0,0.5,0.06920128746899117,0.04247729426291105
12589.254117941686,2.0,4.0,0.5,0.06515280451136332,0.04127285517457635
15848.931924611143,2.0,4.0,0.5,0.06132427079719978,0.039992159997341875
19952.623149688807,2.0,4.0,0.5,0.057690854642078,0.03863992077409104
25118.864315095798,2.0,4.0,0.5,0.05423159657693521,0.03722203767570896
31622.776601683792,2.0,4.0,0.5,0.05092921618212094,0.03574559550455946
39810.71705534978,2.0,4.0,0.5,0.04776986773209658,0.03421880768506472
50118.72336272726,2.0,4.0,0.5,0.04474284593633529,0.03265090565212132
63095.734448019364,2.0,4.0,0.5,0.041840245847424185,0.031051975296282775
79432.82347242814,2.0,4.0,0.5,0.03905658429233085,0.029432746181961678
99999.99999999999,2.0,4.0,0.5,0.036388393485629514,0.02780434316843054
125892.54117941686,2.0,4.0,0.5,0.03383380029187069,0.026178013346938644
158489.3192461114,2.0,4.0,0.5,0.03139210645733176,0.02456484342313912
199526.2314968881,2.0,4.0,0.5,0.029063385700116535,0.022975483513518368
251188.64315095794,2.0,4.0,0.5,0.02684811269440578,0.021419892667562453
316227.76601683797,2.0,4.0,0.5,0.024746836787014313,0.01990711936636219
398107.17055349774,2.0,4.0,0.5,0.022759910016131438,0.018445127069784246
501187.233627273,2.0,4.0,0.5,0.020887275077586396,0.017040671013255793
630957.3444801937,2.0,4.0,0.5,0.019128314779209562,0.01569922837648284
794328.2347242812,2.0,4.0,0.5,0.017481760693624743,0.01442498012203066
1000000.0,2.0,4.0,0.5,0.015945655528829403,0.013220839602131959
1258925.4117941686,2.0,4.0,0.5,0.014517361416476722,0.012088520694136759
1584893.1924611116,2.0,4.0,0.5,0.013193604957672465,0.011028636839916539
1995262.3149688807,2.0,4.0,0.5,0.011970549423571078,0.010040821893052675
2511886.431509586,2.0,4.0,0.5,0.010843884844690706,0.00912386398319751
3162277.6601683795,2.0,4.0,0.5,0.009808927644228865,0.008275844496443831
3981071.7055349774,2.0,4.0,0.5,0.008860722765233937,0.007494275533240457
5011872.336272718,2.0,4.0,0.5,0.007994142711637273,0.006776230644308591
6309573.444801937,2.0,4.0,0.5,0.0072039794052869,0.006118465096951586
7943282.347242836,2.0,4.0,0.5,0.006485026135109374,0.00551752326923196
10000000.000000002,2.0,4.0,0.5,0.005832148064320329,0.004969831931843087
12589254.117941689,2.0,4.0,0.5,0.005240340730037442,0.004471779120062504
15848931.924611123,2.0,4.0,0.5,0.004704776710036478,0.00401977901431328
19952623.149688806,2.0,4.0,0.5,0.004220841158366754,0.0036103237522369493
25118864.31509587,2.0,4.0,0.5,0.0037841572525895628,0.003240023415272896
31622776.60168379,2.0,4.0,0.5,0.003390602783936091,0.0029056356019315213
39810717.055349775,2.0,4.0,0.5,0.0030363191919923647,0.002604086052485739
50118723.362727195,2.0,4.0,0.5,0.0027177143294484364,0.002332481757465891
63095734.44801939,2.0,4.0,0.5,0.002431460167542628,0.002088117892597946
79432823.47242837,2.0,4.0,0.5,0.002174486541588145,0.0018684797980902553
100000000.0,2.0,4.0,0.5,0.0019439719058357632,0.0016712410778099837
125892541.179417,2.0,4.0,0.5,0.001737331930761365,0.0014942587466652319
158489319.24611136,2.0,4.0,0.5,0.001552206642614599,0.0013355662112766247
199526231.4968881,2.0,4.0,0.5,0.0013864466805124287,0.0011933647354819801
251188643.15095872,2.0,4.0,0.5,0.0012380991338637151,0.0010660139216389665
316227766.01683795,2.0,4.0,0.5,0.0011053933240283173,0.0009520216325524405
398107170.55349815,2.0,4.0,0.5,0.0009867268091531996,0.0008500336873854362
501187233.62727195,2.0,4.0,0.5,0.0008806518195612071,0.0007588235875167276
630957344.4801942,2.0,4.0,0.5,0.0007858622718627974,0.0006772824638847576
794328234.7242844,2.0,4.0,0.5,0.0007011814618158673,0.0006044093845453815
1000000000.0000029,2.0,4.0,0.5,0.0006255504974697338,0.0005393021185097038
1258925411.794171,2.0,4.0,0.5,0.0005580175039038978,0.00048114841797510666
1584893192.4611251,2.0,4.0,0.5,0.0004977276075966154,0.00042921785445769673
1995262314.968881,2.0,4.0,0.5,0.0004439136909389989,0.00038285422384271657
2511886431.509586,2.0,4.0,0.5,0.00039588789459145445,0.0003414685198975684
3162277660.168384,2.0,4.0,0.5,0.0003530338363462656,0.000304532464391763
3981071705.534988,2.0,4.0,0.5,0.0003147995091350645,0.00027157257383103367
5011872336.272755,2.0,4.0,0.5,0.0002806908171511144,0.0002421647372600779
6309573444.801974,2.0,4.0,0.5,0.00025026570720400413,0.00021592927605583624
7943282347.24286,2.0,4.0,0.5,0.00022312885194815022,0.00019252645465857863
10000000000.0,2.0,4.0,0.5,0.00019892684216992265,0.00017165241039535312
1e-10,3.0,3.0,1.0,0.04952504935557523,-0.04948451887608253
1.2589254117941602e-10,3.0,3.0,1.0,0.04952985981906173,-0.049484384060484596
1.584893192461103e-10,3.0,3.0,1.0,0.04953525719987051,-0.04948423279541331
1.995262314968867e-10,3.0,3.0,1.0,0.049541313100319,-0.049484063073863126
2.51188643150957e-10,3.0,3.0,1.0,0.049548107856311696,-0.04948387264397174
3.162277660168375e-10,3.0,3.0,1.0,0.049555731602165705,-0.049483658979151676
3.981071705534963e-10,3.0,3.0,1.0,0.04956428546514956,-0.04948341924458025
5.011872336272719e-10,3.0,3.0,1.0,0.049573882905506,-0.04948315025960311
6.309573444801887e-10,3.0,3.0,1.0,0.049584651219641014,-0.04948284845555455
7.943282347242791e-10,3.0,3.0,1.0,0.04959673322629951,-0.04948250982843556
9.999999999999972e-10,3.0,3.0,1.0,0.04961028915794399,-0.049482129885823296
1.2589254117941625e-09,3.0,3.0,1.0,0.04962549878223511,-0.04948170358731042
1.5848931924611111e-09,3.0,3.0,1.0,0.04964256378151403,-0.049481225277685496
1.9952623149688807e-09,3.0,3.0,1.0,0.049661710421546205,-0.049480688611972565
2.5118864315095745e-09,3.0,3.0,1.0,0.04968319254454168,-0.04948008647133807
3.1622776601683787e-09,3.0,3.0,1.0,0.04970729492566919,-0.04947941086875608
3.9810717055349615e-09,3.0,3.0,1.0,0.049734337036973955,-0.049478652843185734
5.01187233627272e-09,3.0,3.0,1.0,0.04976467726785246,-0.049477802340865344
6.309573444801932e-09,3.0,3.0,1.0,0.04979871765709442,-0.04947684808215977
7.943282347242797e-09,3.0,3.0,1.0,0.049836909198028266,-0.049475777412206476
1e-08,3.0,3.0,1.0,0.04987975778559221,-0.04947457613339617
1.2589254117941638e-08,3.0,3.0,1.0,0.0499278308822606,-0.049473228317486295
1.584893192461112e-08,3.0,3.0,1.0,0.049981764988784635,-0.04947171609488135
1.995262314968881e-08,3.0,3.0,1.0,0.05004227401574074,-0.04947001941831836
2.5118864315095768e-08,3.0,3.0,1.0,0.050110158663022035,-0.04946811579786269
3.162277660168379e-08,3.0,3.0,1.0,0.050186316926768997,-0.049465980003754136
3.981071705534961e-08,3.0,3.0,1.0,0.0502717558669111,-0.04946358373322589
5.01187233627272e-08,3.0,3.0,1.0,0.050367604783612435,-0.04946089523696093
6.309573444801938e-08,3.0,3.0,1.0,0.05047512996758705,-0.04945787890033683
7.943282347242805e-08,3.0,3.0,1.0,0.05059575120759172,-0.04945449477403624
9.999999999999998e-08,3.0,3.0,1.0,0.05073106025853042,-0.04945069804796509
1.2589254117941638e-07,3.0,3.0,1.0,0.05088284149560883,-0.04944643846171
1.5848931924611122e-07,3.0,3.0,1.0,0.051053095003954455,-0.04944165964398126
1.9952623149688814e-07,3.0,3.0,1.0,0.05124406237911432,-0.04943629837261293
2.511886431509577e-07,3.0,3.0,1.0,0.051458255541889444,-0.049430283745725674
3.162277660168379e-07,3.0,3.0,1.0,0.05169848890102084,-0.049423536253587565
3.9810717055349634e-07,3.0,3.0,1.0,0.05196791522920535,-0.049415966739527833
5.01187233627272e-07,3.0,3.0,1.0,0.052270065651579364,-0.04940747523695912
6.30957344480194e-07,3.0,3.0,1.0,0.052608894180829396,-0.0493979496681358
7.943282347242806e-07,3.0,3.0,1.0,0.05298882726895812,-0.04938726438871451
1e-06,3.0,3.0,1.0,0.053414818881714,-0.04937527856047574
1.2589254117941676e-06,3.0,3.0,1.0,0.053892411636767605,-0.049361834332716355
1.5848931924611126e-06,3.0,3.0,1.0,0.054427804579487135,-0.04934675481081868
1.9952623149688766e-06,3.0,3.0,1.0,0.05502792819878753,-0.049329841788352195
2.5118864315095768e-06,3.0,3.0,1.0,0.05570052730756294,-0.04931087321676904
3.1622776601683788e-06,3.0,3.0,1.0,0.0564542524245084,-0.049289600384328676
3.981071705534973e-06,3.0,3.0,1.0,0.05729876029264575,-0.049265744773349926
5.011872336272719e-06,3.0,3.0,1.0,0.05824482414945252,-0.049238994562272216
6.3095734448019305e-06,3.0,3.0,1.0,0.05930445431768321,-0.04920900073635895
7.943282347242806e-06,3.0,3.0,1.0,0.06049102960670912,-0.04917537276825733
1e-05,3.0,3.0,1.0,0.06181943989153366,-0.04913767382713452
1.2589254117941675e-05,3.0,3.0,1.0,0.06330624005837401,-0.049095415472849915
1.5848931924611124e-05,3.0,3.0,1.0,0.0649698152571011,-0.04904805178976356
1.9952623149688786e-05,3.0,3.0,1.0,0.06683055706423156,-0.04899497291351689
2.5118864315095768e-05,3.0,3.0,1.0,0.06891104971469302,-0.04893549790371255
3.1622776601683795e-05,3.0,3.0,1.0,0.07123626498196192,-0.04886886691620338
3.9810717055349735e-05,3.0,3.0,1.0,0.07383376354659209,-0.04879423263107498
5.01187233627272e-05,3.0,3.0,1.0,0.07673389976158228,-0.0487106508968934
6.309573444801929e-05,3.0,3.0,1.0,0.0799700255657489,-0.04861707055901401
7.943282347242806e-05,3.0,3.0,1.0,0.08357868787811512,-0.04851232245046933
0.0001,3.0,3.0,1.0,0.08759981209273666,-0.0483951075390913
0.00012589254117941672,3.0,3.0,1.0,0.09207686225356579,-0.04826398424515366
0.00015848931924611128,3.0,3.0,1.0,0.09705696610056207,-0.04811735497120756
0.00019952623149688788,3.0,3.0,1.0,0.10259099043393162,-0.04795345192136556
0.0002511886431509577,3.0,3.0,1.0,0.10873354915951926,-0.04777032233267043
0.00031622776601683794,3.0,3.0,1.0,0.1155429230065842,-0.047565813298110236
0.0003981071705534973,3.0,3.0,1.0,0.12308086635027646,-0.047337556431108235
0.000501187233627272,3.0,3.0,1.0,0.13141227299180483,-0.04708295270669191
0.000630957344480193,3.0,3.0,1.0,0.1406046694004515,-0.04679915791657416
0.0007943282347242807,3.0,3.0,1.0,0.15072750115676262,-0.046483069295140574
0.001,3.0,3.0,1.0,0.1618511766273301,-0.04613131401112738
0.0012589254117941675,3.0,3.0,1.0,0.17404583184731748,-0.04574024037461209
0.0015848931924611121,3.0,3.0,1.0,0.18737978290844456,-0.04530591277804843
0.0019952623149688785,3.0,3.0,1.0,0.2019176376655078,-0.04482411156815913
0.0025118864315095773,3.0,3.0,1.0,0.21771804814346055,-0.04429033922398304
0.0031622776601683794,3.0,3.0,1.0,0.23483109945779973,-0.043699834382602734
0.003981071705534973,3.0,3.0,1.0,0.2532953509727667,-0.0430475953905984
0.00501187233627272,3.0,3.0,1.0,0.27313457106392824,-0.042328415143365765
0.006309573444801929,3.0,3.0,1.0,0.29435423788897785,-0.0415369289781426
0.007943282347242805,3.0,3.0,1.0,0.31693791386199094,-0.04066767727758941
0.01,3.0,3.0,1.0,0.34084363893835323,-0.03971518418433948
0.012589254117941663,3.0,3.0,1.0,0.36600052413330314,-0.03867405338948897
0.01584893192461114,3.0,3.0,1.0,0.39230575769009135,-0.03753908131222836
0.019952623149688785,3.0,3.0,1.0,0.41962225705056044,-0.03630538711954804
0.02511886431509577,3.0,3.0,1.0,0.4477772051867725,-0.03496855795103106
0.03162277660168379,3.0,3.0,1.0,0.4765616955218181,-0.03352480645004046
0.03981071705534969,3.0,3.0,1.0,0.5057316728237172,-0.03197113633019569
0.05011872336272724,3.0,3.0,1.0,0.5350102978779337,-0.03030551033342921
0.06309573444801929,3.0,3.0,1.0,0.5640917844305674,-0.028527013704818516
0.07943282347242805,3.0,3.0,1.0,0.5926466642165765,-0.02663600538208991
0.10000000000000002,3.0,3.0,1.0,0.6203283390581721,-0.024634248635726025
0.12589254117941662,3.0,3.0,1.0,0.6467806888564287,-0.02252501303155622
0.15848931924611143,3.0,3.0,1.0,0.671646431457796,-0.020313140394912745
0.1995262314968879,3.0,3.0,1.0,0.6945758833952252,-0.018005068922827182
0.2511886431509577,3.0,3.0,1.0,0.7152357541344377,-0.015608811610945223
0.3162277660168379,3.0,3.0,1.0,0.7333176207104244,-0.013133887539147049
0.39810717055349776,3.0,3.0,1.0,0.7485457698153749,-0.01059120704022862
0.5011872336272725,3.0,3.0,1.0,0.7606841521166319,-0.007992914094672001
0.6309573444801929,3.0,3.0,1.0,0.7695422585846524,-0.005352191230224749
0.7943282347242806,3.0,3.0,1.0,0.774979790897336,-0.002683033625400711
1.0,3.0,3.0,1.0,0.7769100497944897,-9.225911437796634e-18
1.2589254117941686,3.0,3.0,1.0,0.7753020024506895,0.002682051695943073
1.5848931924611143,3.0,3.0,1.0,0.7701810125632852,0.005348235667421305
1.9952623149688788,3.0,3.0,1.0,0.7616282287889743,0.007983908653818166
2.511886431509577,3.0,3.0,1.0,0.7497786349699938,0.010574931332984205
3.1622776601683795,3.0,3.0,1.0,0.7348177768516183,0.013107912939075098
3.9810717055349776,3.0,3.0,1.0,0.7169772014412326,0.015570431559803458
5.011872336272725,3.0,3.0,1.0,0.6965286809793242,0.017951223099688215
6.30957344480193,3.0,3.0,1.0,0.6737773441134216,0.02024033279135135
7.943282347242821,3.0,3.0,1.0,0.6490538985255384,0.0224292244867481
9.999999999999998,3.0,3.0,1.0,0.6227061944761787,0.024510844755180148
12.589254117941689,3.0,3.0,1.0,0.5950904376101414,0.026479640945655608
15.848931924611142,3.0,3.0,1.0,0.5665624015839514,0.02833153464651806
19.95262314968879,3.0,3.0,1.0,0.5374690079762051,0.03006385416259824
25.118864315095824,3.0,3.0,1.0,0.5081406274318707,0.031675231503710155
31.622776601683796,3.0,3.0,1.0,0.4788844116383615,0.0331654707622611
39.81071705534977,3.0,3.0,1.0,0.44997889489396353,0.03453539555344068
50.11872336272725,3.0,3.0,1.0,0.42167001497881684,0.03578668338532014
63.0957344480193,3.0,3.0,1.0,0.3941686063316723,0.03692169447995966
79.43282347242821,3.0,3.0,1.0,0.36764932506678205,0.037943301795755266
100.0,3.0,3.0,1.0,0.34225088456070984,0.038854727948735276
125.89254117941688,3.0,3.0,1.0,0.31807741886148555,0.03965939354211775
158.48931924611142,3.0,3.0,1.0,0.29520075232687226,0.040360780218657986
199.52623149688807,3.0,3.0,1.0,0.27366333772865375,0.0409623106506367
251.18864315095797,3.0,3.0,1.0,0.25348162897676063,0.04146724674650335
316.2277660168379,3.0,3.0,1.0,0.2346496743152184,0.04187860661800805
398.1071705534977,3.0,3.0,1.0,0.21714274626415592,0.04219910032633434
501.1872336272726,3.0,3.0,1.0,0.20092086074843815,0.04243108409784485
630.9573444801938,3.0,3.0,1.0,0.18593207545005203,0.04257653254157587
794.3282347242813,3.0,3.0,1.0,0.17211549312496574,0.042637028373353446
999.9999999999999,3.0,3.0,1.0,0.15940392719382396,0.04261376921100435
1258.9254117941687,3.0,3.0,1.0,0.14772621310905729,0.04250759110401314
1584.893192461114,3.0,3.0,1.0,0.13700916939880517,0.042319008550246236
1995.2623149688807,3.0,3.0,1.0,0.12717922707063717,0.04204827078330349
2511.88643150958,3.0,3.0,1.0,0.11816375579070815,0.04169543403971932
3162.2776601683795,3.0,3.0,1.0,0.10989212070482536,0.04126044929266069
3981.0717055349774,3.0,3.0,1.0,0.10229650577050912,0.04074326453245057
5011.872336272725,3.0,3.0,1.0,0.09531253883098331,0.040143940061019165
6309.573444801935,3.0,3.0,1.0,0.08887975111341856,0.03946277444279992
7943.282347242815,3.0,3.0,1.0,0.08294190000800726,0.03870043774024997
10000.0,3.0,3.0,1.0,0.07744717941957632,0.03785810751291672
12589.254117941686,3.0,3.0,1.0,0.07234833713553643,0.03693760186809211
15848.931924611143,3.0,3.0,1.0,0.06760271391374063,0.035941502751299675
19952.623149688807,3.0,3.0,1.0,0.06317221469927368,0.034873261822324766
25118.864315095798,3.0,3.0,1.0,0.05902321881943482,0.03373728086205415
31622.776601683792,3.0,3.0,1.0,0.055126433413737,0.032538958875947106
39810.71705534978,3.0,3.0,1.0,0.051456692888570965,0.03128469904199334
50118.72336272726,3.0,3.0,1.0,0.04799270690312195,0.029981870460465736
63095.734448019364,3.0,3.0,1.0,0.044716760230946936,0.028638722258974306
79432.82347242814,3.0,3.0,1.0,0.041614369602651136,0.02726425082289992
99999.99999999999,3.0,3.0,1.0,0.03867390499440766,0.025868024468543728
125892.54117941686,3.0,3.0,1.0,0.035886185364487226,0.02445997337000301
158489.3192461114,3.0,3.0,1.0,0.033244061095910715,0.02305015556573143
199526.2314968881,3.0,3.0,1.0,0.030741996950129125,0.021648512011043234
251188.64315095794,3.0,3.0,1.0,0.02837566985102296,0.020264624613666585
316227.76601683797,3.0,3.0,1.0,0.026141595138526916,0.018907490853795464
398107.17055349774,3.0,3.0,1.0,0.024036793083273236,0.01758532699582678
501187.233627273,3.0,3.0,1.0,0.022058504642981074,0.016305409269474713
630957.3444801937,3.0,3.0,1.0,0.020203962007951003,0.01507395908852238
794328.2347242812,3.0,3.0,1.0,0.018470215835098898,0.01389607480686909
1000000.0,3.0,3.0,1.0,0.016854017610340364,0.012775709096953464
1258925.4117941686,3.0,3.0,1.0,0.015351752641833857,0.011715688117464238
1584893.1924611116,3.0,3.0,1.0,0.013959416994848874,0.010717766445435628
1995262.3149688807,3.0,3.0,1.0,0.012672630330003981,0.00978271038482869
2511886.431509586,3.0,3.0,1.0,0.011486676080575096,0.008910401713936153
3162277.6601683795,3.0,3.0,1.0,0.010396560591486052,0.008099954090611613
3981071.7055349774,3.0,3.0,1.0,0.00939708357716186,0.0073498350345734325
5011872.336272718,3.0,3.0,1.0,0.008482913351871024,0.006657987465948472
6309573.444801937,3.0,3.0,1.0,0.0076486615668909744,0.006021946022568169
7943282.347242836,3.0,3.0,1.0,0.006888953503730836,0.005438944656251377
10000000.000000002,3.0,3.0,1.0,0.006198491209004985,0.004906013208399209
12589254.117941689,3.0,3.0,1.0,0.005572107840757898,0.004420061714577705
15848931.924611123,3.0,3.0,1.0,0.0050048124896922685,0.0039779520483081855
19952623.149688806,3.0,3.0,1.0,0.004491825431656026,0.003576557176035817
25118864.31509587,3.0,3.0,1.0,0.004028604269861084,0.00321280876827459
31622776.60168379,3.0,3.0,1.0,0.0036108617591309,0.0028837342187620378
39810717.055349775,3.0,3.0,1.0,0.003234576298706731,0.0025864842927830513
50118723.362727195,3.0,3.0,1.0,0.0028959961649400612,0.002318352687739906
63095734.44801939,3.0,3.0,1.0,0.002591638559008476,0.0020767887719196935
79432823.47242837,3.0,3.0,1.0,0.00231828449251869,0.0018594046960438287
100000000.0,3.0,3.0,1.0,0.002072970446046789,0.0016639779670096337
125892541.179417,3.0,3.0,1.0,0.001852977628406436,0.0014884504502274327
158489319.24611136,3.0,3.0,1.0,0.0016558195497061114,0.0013309246379751634
199526231.4968881,3.0,3.0,1.0,0.001479228507492958,0.001189657894555104
251188643.15095872,3.0,3.0,1.0,0.0013211414780348965,0.0010630552701811683
316227766.01683795,3.0,3.0,1.0,0.0011796858073698175,0.0009496613676472463
398107170.55349815,3.0,3.0,1.0,0.0010531650107948958,0.0008481516504678602
501187233.62727195,3.0,3.0,1.0,0.0009400449154407746,0.0007573234987060636
630957344.4801942,3.0,3.0,1.0,0.0008389403181468928,0.0006760872486925524
794328234.7242844,3.0,3.0,1.0,0.0007486022792069916,0.000603457394392762
1000000000.0000029,3.0,3.0,1.0,0.0006679061305983599,0.0005385440801296659
1258925411.794171,3.0,3.0,1.0,0.0005958402438439039,0.000480544975448315
1584893192.4611251,3.0,3.0,1.0,0.0005314955764729053,0.00042873759184052114
1995262314.968881,3.0,3.0,1.0,0.000474055995995248,0.0003824720766273634
2511886431.509586,3.0,3.0,1.0,0.00042278936533425874,0.0003411645004201672
3162277660.168384,3.0,3.0,1.0,0.00037703936284171156,0.00030429064026628923
3981071705.534988,3.0,3.0,1.0,0.0003362180025345171,0.0002713802499810381
5011872336.272755,3.0,3.0,1.0,0.0002997988153556534,0.00024201180154208578
6309573444.801974,3.0,3.0,1.0,0.0002673106494918561,0.00021580767616281572
7943282347.24286,3.0,3.0,1.0,0.00023833204659798893,0.0001924297802553266
10000000000.0,3.0,3.0,1.0,0.00021248615079046511,0.0001715755595217083
1e-10,4.0,2.0,2.0,0.05665086809226304,-0.056623594925249855
1.2589254117941602e-10,4.0,2.0,2.0,0.05665412194938781,-0.05662352104885502
1.584893192461103e-10,4.0,2.0,2.0,0.05665777281210429,-0.05662343815804987
1.995262314968867e-10,4.0,2.0,2.0,0.056661869115941635,-0.05662334515287697
2.51188643150957e-10,4.0,2.0,2.0,0.05666646520478002,-0.056623240799155504
3.162277660168375e-10,4.0,2.0,2.0,0.05667162205134409,-0.05662312371210109
3.981071705534963e-10,4.0,2.0,2.0,0.0566774080654974,-0.056622992337946605
5.011872336272719e-10,4.0,2.0,2.0,0.056683900001022566,-0.05662284493331964
6.309573444801887e-10,4.0,2.0,2.0,0.05669118397286681,-0.05662267954210288
7.943282347242791e-10,4.0,2.0,2.0,0.05669935659828611,-0.05662249396946965
9.999999999999972e-10,4.0,2.0,2.0,0.056708526276947675,-0.056622285752750204
1.2589254117941625e-09,4.0,2.0,2.0,0.056718814626873254,-0.056622052128741045
1.5848931924611111e-09,4.0,2.0,2.0,0.05673035809514641,-0.05662178999702326
1.9952623149688807e-09,4.0,2.0,2.0,0.05674330976459262,-0.056621495878802025
2.5118864315095745e-09,4.0,2.0,2.0,0.056757841380199694,-0.05662116587072065
3.1622776601683787e-09,4.0,2.0,2.0,0.056774145621905484,-0.056620795593033894
3.9810717055349615e-09,4.0,2.0,2.0,0.056792438653585714,-0.056620380131452465
5.01187233627272e-09,4.0,2.0,2.0,0.05681296298165109,-0.056619913971883755
6.309573444801932e-09,4.0,2.0,2.0,0.056835990660667475,-0.05661939092720126
7.943282347242797e-09,4.0,2.0,2.0,0.0568618268878815,-0.05661880405506691
1e-08,4.0,2.0,2.0,0.05689081403352656,-0.056618145565712076
1.2589254117941638e-08,4.0,2.0,2.0,0.05692333615935433,-0.05661740671844865
1.584893192461112e-08,4.0,2.0,2.0,0.05695982408404655,-0.05661657770552942
1.995262314968881e-08,4.0,2.0,2.0,0.05700076106108492,-0.05661564752181005
2.5118864315095768e-08,4.0,2.0,2.0,0.057046689142357554,-0.05661460381847111
3.162277660168379e-08,4.0,2.0,2.0,0.05709821630935016,-0.056613432738847363
3.981071705534961e-08,4.0,2.0,2.0,0.05715602446328541,-0.05661211873416949
5.01187233627272e-08,4.0,2.0,2.0,0.05722087837612963,-0.056610644356752345
6.309573444801938e-08,4.0,2.0,2.0,0.057293635716078276,-0.05660899002786027
7.943282347242805e-08,4.0,2.0,2.0,0.05737525827406074,-0.056607133777137456
9.999999999999998e-08,4.0,2.0,2.0,0.05746682453206708,-0.05660505095010466
1.2589254117941638e-07,4.0,2.0,2.0,0.05756954372980798,-0.05660271387979196
1.5848931924611122e-07,4.0,2.0,2.0,0.0576847716034579,-0.05660009151808544
1.9952623149688814e-07,4.0,2.0,2.0,0.05781402798910909,-0.05659714902181979
2.511886431509577e-07,4.0,2.0,2.0,0.05795901650414166,-0.056593847288023066
3.162277660168379e-07,4.0,2.0,2.0,0.05812164654206888,-0.05659014243202691
3.9810717055349634e-07,4.0,2.0,2.0,0.05830405784055547,-0.05658598520136062
5.01187233627272e-07,4.0,2.0,2.0,0.05850864790823569,-0.05658132031746307
6.30957344480194e-07,4.0,2.0,2.0,0.05873810262358424,-0.056576085736238915
7.943282347242806e-07,4.0,2.0,2.0,0.05899543034827081,-0.0565702118173521
1e-06,4.0,2.0,2.0,0.059283999927895174,-0.05656362039086777
1.2589254117941676e-06,4.0,2.0,2.0,0.05960758298434483,-0.05655622370840494
1.5848931924611126e-06,4.0,2.0,2.0,0.05997040093565801,-0.05654792326432347
1.9952623149688766e-06,4.0,2.0,2.0,0.06037717721038722,-0.05653860847061524
2.5118864315095768e-06,4.0,2.0,2.0,0.06083319515291354,-0.05652815516707325
3.1622776601683788e-06,4.0,2.0,2.0,0.06134436214245622,-0.05651642394593573
3.981071705534973e-06,4.0,2.0,2.0,0.06191728046967523,-0.05650325826752143
5.011872336272719e-06,4.0,2.0,2.0,0.06255932552817703,-0.05648848234032908
6.3095734448019305e-06,4.0,2.0,2.0,0.06327873188061046,-0.05647189873564378
7.943282347242806e-06,4.0,2.0,2.0,0.06408468774612706,-0.05645328570281119
1e-05,4.0,2.0,2.0,0.06498743842247144,-0.05643239414697099
1.2589254117941675e-05,4.0,2.0,2.0,0.06599839909518784,-0.056408944226117946
1.5848931924611124e-05,4.0,2.0,2.0,0.0671302773901567,-0.05638262151884705
1.9952623149688786e-05,4.0,2.0,2.0,0.06839720588379797,-0.05635307270797816
2.5118864315095768e-05,4.0,2.0,2.0,0.06981488458555053,-0.056319900718422966
3.1622776601683795e-05,4.0,2.0,2.0,0.07140073313495081,-0.05628265924013046
3.9810717055349735e-05,4.0,2.0,2.0,0.0731740520933628,-0.05624084655874821
5.01187233627272e-05,4.0,2.0,2.0,0.07515619223781365,-0.05619389860783554
6.309573444801929e-05,4.0,2.0,2.0,0.07737073015810716,-0.056141181147203956
7.943282347242806e-05,4.0,2.0,2.0,0.0798436476922039,-0.056081980962496676
0.0001,4.0,2.0,2.0,0.0826035117801349,-0.0560154959718698
0.00012589254117941672,4.0,2.0,2.0,0.08568165014332539,-0.055940824117230115
0.00015848931924611128,4.0,2.0,2.0,0.08911231677415385,-0.05585695091085541
0.00019952623149688788,4.0,2.0,2.0,0.09293283952252096,-0.05576273550470442
0.0002511886431509577,4.0,2.0,2.0,0.09718374007120965,-0.0556568951511716
0.00031622776601683794,4.0,2.0,2.0,0.10190881429068162,-0.05553798793299598
0.0003981071705534973,4.0,2.0,2.0,0.1071551583663104,-0.05540439365986635
0.000501187233627272,4.0,2.0,2.0,0.11297312323480385,-0.05525429286438582
0.000630957344480193,4.0,2.0,2.0,0.11941617682946562,-0.05508564388606194
0.0007943282347242807,4.0,2.0,2.0,0.12654065054750227,-0.05489615811579664
0.001,4.0,2.0,2.0,0.13440534341750582,-0.054683273593229983
0.0012589254117941675,4.0,2.0,2.0,0.14307095494733127,-0.05444412731471063
0.0015848931924611121,4.0,2.0,2.0,0.1525993159566219,-0.05417552683082976
0.0019952623149688785,4.0,2.0,2.0,0.1630523863366227,-0.05387392199944824
0.0025118864315095773,4.0,2.0,2.0,0.17449099023085526,-0.05353537812140817
0.0031622776601683794,4.0,2.0,2.0,0.18697326327930033,-0.05315555212621575
0.003981071705534973,4.0,2.0,2.0,0.20055279404618015,-0.05272967399137078
0.00501187233627272,4.0,2.0,2.0,0.21527645325807396,-0.05225253615796466
0.006309573444801929,4.0,2.0,2.0,0.23118192057491194,-0.051718494316789966
0.007943282347242805,4.0,2.0,2.0,0.24829493957151424,-0.05112148353234786
0.01,4.0,2.0,2.0,0.2666263572222986,-0.0504550541698224
0.012589254117941663,4.0,2.0,2.0,0.28616903359744794,-0.0497124323873165
0.01584893192461114,4.0,2.0,2.0,0.30689473900971265,-0.04888660992127978
0.019952623149688785,4.0,2.0,2.0,0.32875118689215377,-0.04797046737851756
0.02511886431509577,4.0,2.0,2.0,0.3516593777524797,-0.046956934104707776
0.03162277660168379,4.0,2.0,2.0,0.37551144849987866,-0.04583918580546908
0.03981071705534969,4.0,2.0,2.0,0.4001692279343708,-0.04461087839364737
0.05011872336272724,4.0,2.0,2.0,0.4254636893528328,-0.04326641307212736
0.06309573444801929,4.0,2.0,2.0,0.4511954624669167,-0.0418012236239299
0.07943282347242805,4.0,2.0,2.0,0.4771365186512401,-0.040212072624805764
0.10000000000000002,4.0,2.0,2.0,0.5030330781699031,-0.0384973393326913
0.12589254117941662,4.0,2.0,2.0,0.5286097106223088,-0.03665727897499517
0.15848931924611143,4.0,2.0,2.0,0.5535745181330783,-0.034694231711108164
0.1995262314968879,4.0,2.0,2.0,0.5776252141025874,-0.03261276026475306
0.2511886431509577,4.0,2.0,2.0,0.6004558480559139,-0.03041969844129497
0.3162277660168379,4.0,2.0,2.0,0.6217638870969812,-0.028124098462317098
0.39810717055349776,4.0,2.0,2.0,0.6412573513649105,-0.025737072839854894
0.5011872336272725,4.0,2.0,2.0,0.6586617152392027,-0.023271535547937598
0.6309573444801929,4.0,2.0,2.0,0.6737263240857951,-0.02074185640361638
0.7943282347242806,4.0,2.0,2.0,0.6862301307324448,-0.01816345060389686
1.0,4.0,2.0,2.0,0.695986617132531,-0.015552331150991512
1.2589254117941686,4.0,2.0,2.0,0.7028478250528929,-0.012924654633143923
1.5848931924611143,4.0,2.0,2.0,0.7067074668675744,-0.010296290183665955
1.9952623149688788,4.0,2.0,2.0,0.7075031183856395,-0.0076824376136008
2.511886431509577,4.0,2.0,2.0,0.7052175085807528,-0.005097314368587453
3.1622776601683795,4.0,2.0,2.0,0.6998789184425291,-0.0025539230866450198
3.9810717055349776,4.0,2.0,2.0,0.6915606884595352,-6.390325056781513e-05
5.011872336272725,4.0,2.0,2.0,0.6803798190425291,0.002362537206229134
6.30957344480193,4.0,2.0,2.0,0.666494638634218,0.004716620629172621
7.943282347242821,4.0,2.0,2.0,0.6501015174307686,0.006990943130049924
9.999999999999998,4.0,2.0,2.0,0.6314306251962034,0.009179379189944136
12.589254117941689,4.0,2.0,2.0,0.6107407706974954,0.011276963595745844
15.848931924611142,4.0,2.0,2.0,0.5883134149604327,0.013279765083399403
19.95262314968879,4.0,2.0,2.0,0.5644460142777286,0.015184763031377025
25.118864315095824,4.0,2.0,2.0,0.5394449124565475,0.016989734914598136
31.622776601683796,4.0,2.0,2.0,0.513618054910618,0.018693158548411436
39.81071705534977,4.0,2.0,2.0,0.487267830538756,0.02029412988812137
50.11872336272725,4.0,2.0,2.0,0.4606843542943938,0.021792294627755032
63.0957344480193,4.0,2.0,2.0,0.43413948140013464,0.023187790229925388
79.43282347242821,4.0,2.0,2.0,0.40788179527704693,0.024481194330520317
100.0,4.0,2.0,2.0,0.38213274147354687,0.025673475583409208
125.89254117941688,4.0,2.0,2.0,0.35708399802823293,0.026765943740265575
158.48931924611142,4.0,2.0,2.0,0.3328960887158468,0.02776019685795626
199.52623149688807,4.0,2.0,2.0,0.3096981687929094,0.02865806475440475
251.18864315095797,4.0,2.0,2.0,0.2875888504252944,0.029461548996214736
316.2277660168379,4.0,2.0,2.0,0.2666378913341502,0.03017276065996575
398.1071705534977,4.0,2.0,2.0,0.24688854670466195,0.030793857791381267
501.1872336272726,4.0,2.0,2.0,0.2283603797854898,0.031326984878381724
630.9573444801938,4.0,2.0,2.0,0.21105233767610707,0.03177421678506538
794.3282347242813,4.0,2.0,2.0,0.19494592131943603,0.0321375095196576
999.9999999999999,4.0,2.0,2.0,0.18000830821135838,0.03241865999515951
1258.9254117941687,4.0,2.0,2.0,0.1661953187109615,0.03261927664688118
1584.893192461114,4.0,2.0,2.0,0.1534541487594681,0.032740762442530415
1995.2623149688807,4.0,2.0,2.0,0.14172582090067273,0.03278431148592607
2511.88643150958,4.0,2.0,2.0,0.1309473302743703,0.032750920083447356
3162.2776601683795,4.0,2.0,2.0,0.12105348205703981,0.03264141280465462
3981.0717055349774,4.0,2.0,2.0,0.11197843159550469,0.03245648370372248
5011.872336272725,4.0,2.0,2.0,0.10365694858478568,0.03219675244730125
6309.573444801935,4.0,2.0,2.0,0.09602543269413988,0.031862834586610225
7943.282347242815,4.0,2.0,2.0,0.0890227107698807,0.03145542459196715
10000.0,4.0,2.0,2.0,0.08259064587976349,0.030975389524581877
12589.254117941686,4.0,2.0,2.0,0.0766745867080084,0.03042387036188189
15848.931924611143,4.0,2.0,2.0,0.07122368278677892,0.029802387054814125
19952.623149688807,4.0,2.0,2.0,0.06619108730325633,0.029112942446442556
25118.864315095798,4.0,2.0,2.0,0.06153406521827784,0.028358119321545153
31622.776601683792,4.0,2.0,2.0,0.057214020568872884,0.02754116421553548
39810.71705534978,4.0,2.0,2.0,0.05319645343130263,0.026666051332254404
50118.72336272726,4.0,2.0,2.0,0.04945085435052379,0.025737520143928858
63095.734448019364,4.0,2.0,2.0,0.04595054227149876,0.02476108108193091
79432.82347242814,4.0,2.0,2.0,0.04267245121520073,0.023742985223023313
99999.99999999999,4.0,2.0,2.0,0.03959687109351114,0.022690155996099432
125892.54117941686,4.0,2.0,2.0,0.03670714900077118,0.021610083542083602
158489.3192461114,4.0,2.0,2.0,0.03398935879537449,0.02051068521969051
199526.2314968881,4.0,2.0,2.0,0.03143194845254295,0.019400138552809858
251188.64315095794,4.0,2.0,2.0,0.02902537615668227,0.01828669532118
316227.76601683797,4.0,2.0,2.0,0.026761747061864426,0.017178487189989006
398107.17055349774,4.0,2.0,2.0,0.024634462820348063,0.016083334024106135
501187.233627273,4.0,2.0,2.0,0.02263789523041113,0.015008565734258834
630957.3444801937,4.0,2.0,2.0,0.020767093706581165,0.013960867199318133
794328.2347242812,4.0,2.0,2.0,0.019017533891165676,0.012946153684275583
1000000.0,4.0,2.0,2.0,0.017384911876570108,0.011969481514791982
1258925.4117941686,4.0,2.0,2.0,0.015864985517263855,0.0110349959140561
1584893.1924611116,4.0,2.0,2.0,0.014453461496861223,0.010145915185784787
1995262.3149688807,4.0,2.0,2.0,0.01314592444191462,0.009304548110027884
2511886.431509586,4.0,2.0,2.0,0.011937802612819947,0.008512339686745874
3162277.6601683795,4.0,2.0,2.0,0.010824363626075847,0.007769939294538436
3981071.7055349774,4.0,2.0,2.0,0.00980073325052545,0.007077284913104103
5011872.336272718,4.0,2.0,2.0,0.008861930481426205,0.006433697200564723
6309573.444801937,4.0,2.0,2.0,0.008002912695434607,0.00583797778938002
7943282.347242836,4.0,2.0,2.0,0.007218625576757914,0.005288507019916259
10000000.000000002,4.0,2.0,2.0,0.00650405353709873,0.004783337328322265
12589254.117941689,4.0,2.0,2.0,0.0058542674095539435,0.004320279526856421
15848931.924611123,4.0,2.0,2.0,0.005264467189505711,0.003896980171642648
19952623.149688806,4.0,2.0,2.0,0.004730018465386914,0.003510989047537973
25118864.31509587,4.0,2.0,2.0,0.004246481898825534,0.003159816482784335
31622776.60168379,4.0,2.0,2.0,0.0038096356693574675,0.0028409807300586267
39810717.055349775,4.0,2.0,2.0,0.003415491201940519,0.0025520460239295065
50118723.362727195,4.0,2.0,2.0,0.0030603027641013672,0.002290652165857984
63095734.44801939,4.0,2.0,2.0,0.0027405716767563036,0.0020545366197914595
79432823.47242837,4.0,2.0,2.0,0.0024530459527102103,0.0018415501481794073
100000000.0,4.0,2.0,2.0,0.0021947161822758092,0.001649667002504662
125892541.179417,4.0,2.0,2.0,0.0019628084462250343,0.0014769906239157115
158489319.24611136,4.0,2.0,2.0,0.0017547749687454588,0.001321755724492481
199526231.4968881,4.0,2.0,2.0,0.0015682831400240333,0.0011823275207461033
251188643.15095872,4.0,2.0,2.0,0.001401203449033895,0.0010571987875278592
316227766.01683795,4.0,2.0,2.0,0.0012515967787497012,0.0009449852991715572
398107170.55349815,4.0,2.0,2.0,0.0011177014327632487,0.000844420129698791
501187233.62727195,4.0,2.0,2.0,0.0009979201867298467,0.0007543471977829949
630957344.4801942,4.0,2.0,2.0,0.0008908075915431167,0.0006737143660888723
794328234.7242844,4.0,2.0,2.0,0.000795057697972849,0.000601566338844125
1000000000.0000029,4.0,2.0,2.0,0.0007094923244420673,0.0005370375457074521
1258925411.794171,4.0,2.0,2.0,0.000633049950015125,0.0004793451534388121
1584893192.4611251,4.0,2.0,2.0,0.0005647752826541147,0.00042778230861647534
1995262314.968881,4.0,2.0,2.0,0.0005038095274247032,0.00038171168366094824
2511886431.509586,4.0,2.0,2.0,0.0004493813596385925,0.00034055937370022137
3162277660.168384,4.0,2.0,2.0,0.00040079859300002664,0.00030380917237929675
3981071705.534988,4.0,2.0,2.0,0.00035744052184925,0.00027099723969917374
5011872336.272755,4.0,2.0,2.0,0.0003187509088314274,0.00024170716358448655
6309573444.801974,4.0,2.0,2.0,0.0002842315841274187,0.00021556540844450288
7943282347.24286,4.0,2.0,2.0,0.00025343661922062514,0.00019223713792841285
10000000000.0,4.0,2.0,2.0,0.00022596703658719764,0.0001714223948932788
1e-10,5.0,1.0,5.0,0.06200315739923688,-0.061989413590113854
1.2589254117941602e-10,5.0,1.0,5.0,0.06200481064571691,-0.06198938987754785
1.584893192461103e-10,5.0,1.0,5.0,0.06200666560814345,-0.06198936327115298
1.995262314968867e-10,5.0,1.0,5.0,0.062008746896831175,-0.06198933341770997
2.51188643150957e-10,5.0,1.0,5.0,0.06201108212429475,-0.06198929992086976
3.162277660168375e-10,5.0,1.0,5.0,0.06201370227138762,-0.06198926233588255
3.981071705534963e-10,5.0,1.0,5.0,0.06201664209806953,-0.06198922016368231
5.011872336272719e-10,5.0,1.0,5.0,0.06201994060423446,-0.06198917284424634
6.309573444801887e-10,5.0,1.0,5.0,0.06202364154669296,-0.061989119749141834
7.943282347242791e-10,5.0,1.0,5.0,0.062027794019140055,-0.061989060173158306
9.999999999999972e-10,5.0,1.0,5.0,0.062032453102770384,-0.06198899332491458
1.2589254117941625e-09,5.0,1.0,5.0,0.062037680596128846,-0.06198891831631225
1.5848931924611111e-09,5.0,1.0,5.0,0.06204354583382695,-0.061988834150694866
1.9952623149688807e-09,5.0,1.0,5.0,0.06205012660491793,-0.0619887397095516
2.5118864315095745e-09,5.0,1.0,5.0,0.06205751018302978,-0.06198863373758584
3.1622776601683787e-09,5.0,1.0,5.0,0.06206579448181364,-0.06198851482594516
3.9810717055349615e-09,5.0,1.0,5.0,0.06207508935090166,-0.061988381393384764
5.01187233627272e-09,5.0,1.0,5.0,0.062085518029394465,-0.06198823166510666
6.309573444801932e-09,5.0,1.0,5.0,0.06209721877594471,-0.061988063648984064
7.943282347242797e-09,5.0,1.0,5.0,0.06211034669678939,-0.06198787510884418
1e-08,5.0,1.0,5.0,0.0621250757956376,-0.06198766353443888
1.2589254117941638e-08,5.0,1.0,5.0,0.06214160127217559,-0.06198742610768723
1.584893192461112e-08,5.0,1.0,5.0,0.06216014209913307,-0.06198715966471645
1.995262314968881e-08,5.0,1.0,5.0,0.062180943911412635,-0.06198686065316911
2.5118864315095768e-08,5.0,1.0,5.0,0.06220428224474058,-0.061986525084171885
3.162277660168379e-08,5.0,1.0,5.0,0.06223046616571177,-0.061986148478280725
3.981071705534961e-08,5.0,1.0,5.0,0.062259842340009176,-0.06198572580462671
5.01187233627272e-08,5.0,1.0,5.0,0.06229279959103402,-0.0619852514123788
6.309573444801938e-08,5.0,1.0,5.0,0.0623297740072412,-0.061984718953521166
7.943282347242805e-08,5.0,1.0,5.0,0.06237125466318827,-0.06198412129580158
9.999999999999998e-08,5.0,1.0,5.0,0.06241779002673761,-0.06198345042454673
1.2589254117941638e-07,5.0,1.0,5.0,0.06246999513306309,-0.06198269733185531
1.5848931924611122e-07,5.0,1.0,5.0,0.06252855961516142,-0.06198185189146421
1.9952623149688814e-07,5.0,1.0,5.0,0.06259425669052167,-0.06198090271733134
2.511886431509577e-07,5.0,1.0,5.0,0.06266795321451958,-0.06197983700369057
3.162277660168379e-07,5.0,1.0,5.0,0.0627506209230296,-0.06197864034399057
3.9810717055349634e-07,5.0,1.0,5.0,0.06284334899972897,-0.06197729652573343
5.01187233627272e-07,5.0,1.0,5.0,0.0629473581176392,-0.06197578729776122
6.30957344480194e-07,5.0,1.0,5.0,0.06306401611960238,-0.061974092105985805
7.943282347242806e-07,5.0,1.0,5.0,0.06319485551862303,-0.06197218779291116
1e-06,5.0,1.0,5.0,0.06334159301622626,-0.061970048255524435
1.2589254117941676e-06,5.0,1.0,5.0,0.06350615125510105,-0.0619676440552235
1.5848931924611126e-06,5.0,1.0,5.0,0.06369068304108684,-0.06196494197236081
1.9952623149688766e-06,5.0,1.0,5.0,0.0638975982887607,-0.061961904496692664
2.5118864315095768e-06,5.0,1.0,5.0,0.06412959396405558,-0.06195848924347859
3.1622776601683788e-06,5.0,1.0,5.0,0.06438968731592529,-0.06195464828313026
3.981071705534973e-06,5.0,1.0,5.0,0.06468125270628632,-0.06195032737009806
5.011872336272719e-06,5.0,1.0,5.0,0.0650080623622836,-0.061945465054034025
6.3095734448019305e-06,5.0,1.0,5.0,0.06537433138598998,-0.06193999165308913
7.943282347242806e-06,5.0,1.0,5.0,0.06578476736221874,-0.06193382806538997
1e-05,5.0,1.0,5.0,0.0662446249029595,-0.06192688439015798
1.2589254117941675e-05,5.0,1.0,5.0,0.06675976545422571,-0.06191905832445245
1.5848931924611124e-05,5.0,1.0,5.0,0.06733672266425492,-0.06191023329494119
1.9952623149688786e-05,5.0,1.0,5.0,0.06798277356664503,-0.06190027627625737
2.5118864315095768e-05,5.0,1.0,5.0,0.06870601576268365,-0.06188903523814132
3.1622776601683795e-05,5.0,1.0,5.0,0.06951545068723168,-0.061876336152459264
3.9810717055349735e-05,5.0,1.0,5.0,0.0704210729040696,-0.0618619794780661
5.01187233627272e-05,5.0,1.0,5.0,0.0714339651900963,-0.06184573602606044
6.309573444801929e-05,5.0,1.0,5.0,0.07256639892202216,-0.06182734209000559
7.943282347242806e-05,5.0,1.0,5.0,0.07383193896131517,-0.06180649370493356
0.0001,5.0,1.0,5.0,0.07524555182851757,-0.06178283987526474
0.00012589254117941672,5.0,1.0,5.0,0.07682371545050858,-0.06175597458516228
0.00015848931924611128,5.0,1.0,5.0,0.07858452813660148,-0.06172542737553701
0.00019952623149688788,5.0,1.0,5.0,0.08054781367396421,-0.06169065224050511
0.0002511886431509577,5.0,1.0,5.0,0.08273521851312395,-0.06165101456370493
0.00031622776601683794,5.0,1.0,5.0,0.08517029592648113,-0.06160577578333793
0.0003981071705534973,5.0,1.0,5.0,0.0878785707586207,-0.0615540754469856
0.000501187233627272,5.0,1.0,5.0,0.0908875769479232,-0.0614949102973641
0.000630957344480193,5.0,1.0,5.0,0.09422685840000566,-0.06142711002415813
0.0007943282347242807,5.0,1.0,5.0,0.0979279220709209,-0.061349309332990896
0.001,5.0,1.0,5.0,0.10202413033615564,-0.06125991603111025
0.0012589254117941675,5.0,1.0,5.0,0.1065505179815286,-0.06115707492400908
0.0015848931924611121,5.0,1.0,5.0,0.11154351760166255,-0.061038627474554116
0.0019952623149688785,5.0,1.0,5.0,0.11704057603316301,-0.06090206741558186
0.0025118864315095773,5.0,1.0,5.0,0.12307964394665465,-0.060744492849618796
0.0031622776601683794,5.0,1.0,5.0,0.12969852120065825,-0.060562555836786346
0.003981071705534973,5.0,1.0,5.0,0.13693404240268095,-0.06035241108256509
0.00501187233627272,5.0,1.0,5.0,0.14482109074633892,-0.060109666101889975
0.006309573444801929,5.0,1.0,5.0,0.1533914340139811,-0.05982933615201158
0.007943282347242805,5.0,1.0,5.0,0.16267238500892764,-0.0595058082685003
0.01,5.0,1.0,5.0,0.17268529982640846,-0.05913281984983778
0.012589254117941663,5.0,1.0,5.0,0.18344394126202257,-0.058703458318283414
0.01584893192461114,5.0,1.0,5.0,0.19495275091043446,-0.05821018929177938
0.019952623149688785,5.0,1.0,5.0,0.20720509128211284,-0.05764492123695946
0.02511886431509577,5.0,1.0,5.0,0.2201815371821235,-0.05699911449748299
0.03162277660168379,5.0,1.0,5.0,0.233848311727323,-0.0562639416439264
0.03981071705534969,5.0,1.0,5.0,0.24815597435271844,-0.05543050402653659
0.05011872336272724,5.0,1.0,5.0,0.2630384733786964,-0.054490106056413135
0.06309573444801929,5.0,1.0,5.0,0.2784126717288842,-0.05343458405835591
0.07943282347242805,5.0,1.0,5.0,0.2941784393790031,-0.05225668070029658
0.10000000000000002,5.0,1.0,5.0,0.3102193794001926,-0.05095044943921174
0.12589254117941662,5.0,1.0,5.0,0.32640421694718774,-0.04951166683401893
0.15848931924611143,5.0,1.0,5.0,0.342588834974778,-0.04793822489380944
0.1995262314968879,5.0,1.0,5.0,0.35861889132972624,-0.046230471902447196
0.2511886431509577,5.0,1.0,5.0,0.37433290490429894,-0.04439146937387136
0.3162277660168379,5.0,1.0,5.0,0.389565659912148,-0.042427135655702046
0.39810717055349776,5.0,1.0,5.0,0.4041517525675576,-0.04034625343996982
0.5011872336272725,5.0,1.0,5.0,0.4179290973140725,-0.03816032866818234
0.6309573444801929,5.0,1.0,5.0,0.4307422215476577,-0.03588330100413521
0.7943282347242806,5.0,1.0,5.0,0.4424452069648891,-0.033531119646865525
1.0,5.0,1.0,5.0,0.45290417808952865,-0.031121210959622832
1.2589254117941686,5.0,1.0,5.0,0.4619992881865236,-0.02867187445607407
1.5848931924611143,5.0,1.0,5.0,0.4696262028685389,-0.02620164976230561
1.9952623149688788,5.0,1.0,5.0,0.4756971257918769,-0.023728698549759
2.511886431509577,5.0,1.0,5.0,0.4801414437861737,-0.02127024213812905
3.1622776601683795,5.0,1.0,5.0,0.48290608734312007,-0.01884208821341673
3.9810717055349776,5.0,1.0,5.0,0.48395570550988465,-0.016458270110546156
5.011872336272725,5.0,1.0,5.0,0.48327274278970184,-0.014130810828178433
6.30957344480193,5.0,1.0,5.0,0.48085748215953106,-0.011869612804657448
7.943282347242821,5.0,1.0,5.0,0.4767280864304694,-0.009682464675505527
9.999999999999998,5.0,1.0,5.0,0.4709206342293772,-0.007575148570704742
12.589254117941689,5.0,1.0,5.0,0.46348911145314187,-0.005551626402897887
15.848931924611142,5.0,1.0,5.0,0.4545052886174267,-0.003614281086460274
19.95262314968879,5.0,1.0,5.0,0.4440583931240058,-0.0017641884716065536
25.118864315095824,5.0,1.0,5.0,0.43225447634651304,-1.39755837110202e-06
31.622776601683796,5.0,1.0,5.0,0.41921538065602465,0.0016748002299735007
39.81071705534977,5.0,1.0,5.0,0.40507723160799036,0.0032656277987755528
50.11872336272725,5.0,1.0,5.0,0.3899884141968532,0.004772615664167631
63.0957344480193,5.0,1.0,5.0,0.37410703613970314,0.00619743766357346
79.43282347242821,5.0,1.0,5.0,0.3575979306395523,0.007541790704918221
100.0,5.0,1.0,5.0,0.3406292998894901,0.008807316469862337
125.89254117941688,5.0,1.0,5.0,0.32336914227528324,0.00999556008150712
158.48931924611142,5.0,1.0,5.0,0.305981635085371,0.0111079587502055
199.52623149688807,5.0,1.0,5.0,0.28862365650972494,0.012145852356950801
251.18864315095797,5.0,1.0,5.0,0.27144162418799295,0.013110507773791242
316.2277660168379,5.0,1.0,5.0,0.2545688036292245,0.014003149330848584
398.1071705534977,5.0,1.0,5.0,0.2381232019881143,0.014824989037210886
501.1872336272726,5.0,1.0,5.0,0.22220611619697364,0.015577251731855759
630.9573444801938,5.0,1.0,5.0,0.20690135531469342,0.016261192059587575
794.3282347242813,5.0,1.0,5.0,0.19227511087475604,0.016878101837188787
999.9999999999999,5.0,1.0,5.0,0.1783764105686151,0.017429307841917527
1258.9254117941687,5.0,1.0,5.0,0.16523806270619645,0.017916161218881944
1584.893192461114,5.0,1.0,5.0,0.15287798266951327,0.018340020522956968
1995.2623149688807,5.0,1.0,5.0,0.14130078752505404,0.01870223089086455
2511.88643150958,5.0,1.0,5.0,0.1304995493929428,0.019004102021306445
3162.2776601683795,5.0,1.0,5.0,0.12045760969803894,0.019246887586999235
3981.0717055349774,5.0,1.0,5.0,0.11115037244943456,0.019431768478880482
5011.872336272725,5.0,1.0,5.0,0.10254701277924358,0.019559841950371977
6309.573444801935,5.0,1.0,5.0,0.09461205510615257,0.01963211833575652
7943.282347242815,5.0,1.0,5.0,0.08730679199447132,0.01964952659214289
10000.0,5.0,1.0,5.0,0.08059052911741452,0.019612929473371683
12589.254117941686,5.0,1.0,5.0,0.07442165324342331,0.01952314868713155
15848.931924611143,5.0,1.0,5.0,0.06875852876154111,0.01938099990509777
19952.623149688807,5.0,1.0,5.0,0.0635602341263045,0.019187336978444807
25118.864315095798,5.0,1.0,5.0,0.058787153078574704,0.018943104149076892
31622.776601683792,5.0,1.0,5.0,0.05440143701365045,0.018649394441197162
39810.71705534978,5.0,1.0,5.0,0.050367354874193526,0.018307511784236702
50118.72336272726,5.0,1.0,5.0,0.04665154588255892,0.017919033791664613
63095.734448019364,5.0,1.0,5.0,0.04322318870029476,0.017485871556457883
79432.82347242814,5.0,1.0,5.0,0.040054098571289366,0.017010322397216063
99999.99999999999,5.0,1.0,5.0,0.037118761976151986,0.016495111284917346
125892.54117941686,5.0,1.0,5.0,0.03439431654717627,0.015943416784793905
158489.3192461114,5.0,1.0,5.0,0.031860482647757746,0.015358877830081592
199526.2314968881,5.0,1.0,5.0,0.029499452214664573,0.014745578539266752
251188.64315095794,5.0,1.0,5.0,0.027295740220946146,0.014108009579542422
316227.76601683797,5.0,1.0,5.0,0.025236004381487768,0.013451006188426876
398107.17055349774,5.0,1.0,5.0,0.023308839354104466,0.012779664753006908
501187.233627273,5.0,1.0,5.0,0.021504552488709437,0.012099241623301967
630957.3444801937,5.0,1.0,5.0,0.019814928917901948,0.011415039390896121
794328.2347242812,5.0,1.0,5.0,0.01823299424476206,0.010732286995646477
1000000.0,5.0,1.0,5.0,0.016752783094766775,0.010056020578770261
1258925.4117941686,5.0,1.0,5.0,0.015369121263191253,0.00939097190353649
1584893.1924611116,5.0,1.0,5.0,0.014077428105476039,0.008741470430646612
1995262.3149688807,5.0,1.0,5.0,0.012873544275366458,0.008111363868597444
2511886.431509586,5.0,1.0,5.0,0.011753588074586145,0.007503960392835499
3162277.6601683795,5.0,1.0,5.0,0.010713841737010324,0.006921993950354122
3981071.7055349774,5.0,1.0,5.0,0.009750667129666575,0.006367612347093185
5011872.336272718,5.0,1.0,5.0,0.008860448780829077,0.005842386329748217
6309573.444801937,5.0,1.0,5.0,0.008039560956614997,0.005347336742232218
7943282.347242836,5.0,1.0,5.0,0.007284354753661335,0.004882976117322666
10000000.000000002,5.0,1.0,5.0,0.006591160849190859,0.0044493607533209875
12589254.117941689,5.0,1.0,5.0,0.005956303597077298,0.004046149374113675
15848931.924611123,5.0,1.0,5.0,0.005376122496205753,0.00367266479937735
19952623.149688806,5.0,1.0,5.0,0.004846997590786118,0.003327955568262968
25118864.31509587,5.0,1.0,5.0,0.004365375999827511,0.0030108550758444035
31622776.60168379,5.0,1.0,5.0,0.003927797436628102,0.0027200364209058973
39810717.055349775,5.0,1.0,5.0,0.003530917209526136,0.0024540617684988644
50118723.362727195,5.0,1.0,5.0,0.003171525752851223,0.0022114255628272947
63095734.44801939,5.0,1.0,5.0,0.002846564200709562,0.0019905913649077454
79432823.47242837,5.0,1.0,5.0,0.002553135879310452,0.001790022428970756
100000000.0,5.0,1.0,5.0,0.002288513859980932,0.0016082063759934354
125892541.179417,5.0,1.0,5.0,0.0020501448955293562,0.0014436744829095598
158489319.24611136,5.0,1.0,5.0,0.0018356501713508808,0.0012950161960952073
199526231.4968881,5.0,1.0,5.0,0.0016428233547269224,0.001160889512732809
251188643.15095872,5.0,1.0,5.0,0.001469626435553795,0.0010400278679216564
316227766.01683795,5.0,1.0,5.0,0.0013141838319352848,0.0009312441315122816
398107170.55349815,5.0,1.0,5.0,0.0011747751952297745,0.0008334322670199504
501187233.62727195,5.0,1.0,5.0,0.0010498272995537533,0.0007455671438044181
630957344.4801942,5.0,1.0,5.0,0.0009379053466243351,0.0006667029290957936
794328234.7242844,5.0,1.0,5.0,0.0008377039625822651,0.0005959704227084948
1000000000.0000029,5.0,1.0,5.0,0.0007480381119997128,0.0005325736372522423
1258925411.794171,5.0,1.0,5.0,0.0006678341074166455,0.00047578587201069163
1584893192.4611251,5.0,1.0,5.0,0.0005961208513737045,0.0004249454802482056
1995262314.968881,5.0,1.0,5.0,0.0005320214123135144,0.00037945148775090807
2511886431.509586,5.0,1.0,5.0,0.0004747450057871529,0.00033875918472903215
3162277660.168384,5.0,1.0,5.0,0.0004235794277491154,0.00030237578336895176
3981071705.534988,5.0,1.0,5.0,0.00037788396682884385,0.00026985620875048723
5011872336.272755,5.0,1.0,5.0,0.0003370828067422471,0.00024079907090409573
6309573444.801974,5.0,1.0,5.0,0.0003006589178561975,0.0002148428498344603
7943282347.24286,5.0,1.0,5.0,0.00026814842777369316,0.00019166231277371944
10000000000.0,5.0,1.0,5.0,0.00023913545414506142,0.00017096517319134893
